id,parent menu,graph category,graph type,maingraphs,classification,levels,graph title,menu title,mini title,vensim graph,kind,modes,units,alternate,description,unused 2,unused 3,x axis min,x axis max,x axis label,unused 4,unused 5,y axis min,y axis max,y axis soft max,y axis label,y axis format,unused 6,unused 7,plot 1 variable,plot 1 source,plot 1 style,plot 1 label,plot 1 color,plot 1 unused 1,plot 1 unused 2,plot 2 variable,plot 2 source,plot 2 style,plot 2 label,plot 2 color,plot 2 unused 1,plot 2 unused 2,plot 3 variable,plot 3 source,plot 3 style,plot 3 label,plot 3 color,plot 3 unused 1,plot 3 unused 2,plot 4 variable,plot 4 source,plot 4 style,plot 4 label,plot 4 color,plot 4 unused 1,plot 4 unused 2,plot 5 variable,plot 5 source,plot 5 style,plot 5 label,plot 5 color,plot 5 unused 1,plot 5 unused 2,plot 6 variable,plot 6 source,plot 6 style,plot 6 label,plot 6 color,plot 6 unused 1,plot 6 unused 2,plot 7 variable,plot 7 source,plot 7 style,plot 7 label,plot 7 color,plot 7 unused 1,plot 7 unused 2,plot 8 variable,plot 8 source,plot 8 style,plot 8 label,plot 8 color,plot 8 unused 1,plot 8 unused 2,plot 9 variable,plot 9 source,plot 9 style,plot 9 label,plot 9 color,plot 9 unused 1,plot 9 unused 2,plot 10 variable,plot 10 source,plot 10 style,plot 10 label,plot 10 color,plot 10 unused 1,plot 10 unused 2,plot 11 variable,plot 11 source,plot 11 style,plot 11 label,plot 11 color,plot 11 unused 1,plot 11 unused 2,plot 12 variable,plot 12 source,plot 12 style,plot 12 label,plot 12 color,plot 12 unused 1,plot 12 unused 2,plot 13 variable,plot 13 source,plot 13 style,plot 13 label,plot 13 color,plot 13 unused 1,plot 13 unused 2,plot 14 variable,plot 14 source,plot 14 style,plot 14 label,plot 14 color,plot 14 unused 1,plot 14 unused 2,plot 15 variable,plot 15 source,plot 15 style,plot 15 label,plot 15 color,plot 15 unused 1,plot 15 unused 2
,,,,,,,,,,,,,,,,,,,,,,,,,,,,,,,,,,,,,,,,,,,,,,,,,,,,,,,,,,,,,,,,,,,,,,,,,,,,,,,,,,,,,,,,,,,,,,,,,,,,,,,,,,,,,,,,,,,,,,,,,,,,,,,,,,,,,,
fy,Food,Food,test graph type,topleft,main,Scenario1,Global Diet Composition (All Categories),,,,stacked-line,,,,The diet composition is based on the actual intake and consumption of food,,,1950,2100,Time (Year),,,0,1,,Dmnl,,,,Diet Composition Percentage[PasMeat],,area,PasMeat,blue,,,Diet Composition Percentage[CropMeat],,area,CropMeat,green,,,Diet Composition Percentage[Dairy],,area,Dairy,black,,,Diet Composition Percentage[Eggs],,area,Eggs,purple,,,Diet Composition Percentage[Pulses],,area,Pulses,red,,,Diet Composition Percentage[Grains],,area,Grains,gray,,,Diet Composition Percentage[VegFruits],,area,Veg & Fruits,yellow,,,Diet Composition Percentage[OtherCrops],,area,Other Crops,cyan,,,,,,,,,,,,,,,,,,,,,,,,,,,,,,,,,,,,,,,,,,,,,,,,,,,
fx,Food,Food,test graph type,topleft,main,Scenario1,Annual Caloric Demand including Waste (All Categories),,,,stacked-line,,,,This refers to the annual caloric demand of food including waste across 8 food categories,,,1950,2100,Time (Year),,,,,,Pcal / Year,,,,Annual Caloric Demand inc Waste in Petacalorie[PasMeat],,area,PasMeat,blue,,,Annual Caloric Demand inc Waste in Petacalorie[CropMeat],,area,CropMeat,green,,,Annual Caloric Demand inc Waste in Petacalorie[Dairy],,area,Dairy,black,,,Annual Caloric Demand inc Waste in Petacalorie[Eggs],,area,Eggs,purple,,,Annual Caloric Demand inc Waste in Petacalorie[Pulses],,area,Pulses,red,,,Annual Caloric Demand inc Waste in Petacalorie[Grains],,area,Grains,gray,,,Annual Caloric Demand inc Waste in Petacalorie[VegFruits],,area,Veg & Fruits,yellow,,,Annual Caloric Demand inc Waste in Petacalorie[OtherCrops],,area,Other Crops,cyan,,,,,,,,,,,,,,,,,,,,,,,,,,,,,,,,,,,,,,,,,,,,,,,,,,,
f5,Food,Food,,botleft,main,Scenario1,Diet Population Percentage,,,,line,,,,,,,1950,2100,Time (Year),,,,,,Billion People,.0f,,,Total Meat Eaters Per Billion People,,line,Conventional Dieters,maroon,,,Total Vegetarians Per Billion People,,line,Alternative Dieters,olive,,,Total Meat Eaters Per Billion People,Ref,line,BAU,gray,,,Total Vegetarians Per Billion People,Ref,line,,gray,,,,,,,,,,,,,,,,,,,,,,,,,,,,,,,,,,,,,,,,,,,,,,,,,,,,,,,,,,,,,,,,,,,,,,,,,,,,,,,
f6,Food,Food,,botright,main,Scenario1,Daily Calorie Supply per Capita,,,,stacked-line,,,,,,,1950,2100,Time (Year),,,,,,kcal / (Person * Day),,,,Vegetal Food Supply kcal capita day,,area,Plant Based Food,green,,,Animal Food Supply kcal capita day,,area,Meat Based Food,red,,,,,,,,,,,,,,,,,,,,,,,,,,,,,,,,,,,,,,,,,,,,,,,,,,,,,,,,,,,,,,,,,,,,,,,,,,,,,,,,,,,,,,,,,,,,,
,,,,,,,,,,,,,,,,,,,,,,,,,,,,,,,,,,,,,,,,,,,,,,,,,,,,,,,,,,,,,,,,,,,,,,,,,,,,,,,,,,,,,,,,,,,,,,,,,,,,,,,,,,,,,,,,,,,,,,,,,,,,,,,,,,,,,,
fz,Food,Food,test graph type,topleft,"""Others""",Scenario1,Global Diet Composition (Animal and Plant),,,,stacked-line,,,,The diet composition is based on the actual intake and consumption of food,,,1950,2100,Time (Year),,,0,1,,Dmnl,,,,Animal Calories Consumption Indicator,,area,Animal Products,red,,,Plant Calories Consumption Indicator,,area,CropMeat,green,,,,,,,,,,,,,,,,,,,,,,,,,,,,,,,,,,,,,,,,,,,,,,,,,,,,,,,,,,,,,,,,,,,,,,,,,,,,,,,,,,,,,,,,,,,,,
f13,Food,Food,,,"""Others""",Scenario1,Supply of Animal and Vegetal Calories Per Capita,,,,,,,,,,,1950,2100,Time (Year),,,,,,kcal / (Person * Day),,,,Vegetal Food Supply kcal capita day,,line,Plant Based Food,green,,,Animal Food Supply kcal capita day,,line,Meat Based Food,red,,,Vegetal Food Supply kcal capita day,Ref,line,BAU,gray,,,Animal Food Supply kcal capita day,Ref,line,,gray,,,,,,,,,,,,,,,,,,,,,,,,,,,,,,,,,,,,,,,,,,,,,,,,,,,,,,,,,,,,,,,,,,,,,,,,,,,,,,,
f1,Food,Food,test graph type,topleft,"""Others""",Scenario1,Annual Caloric Demand (Animal Food),,,,stacked-line,,,,,,,1950,2100,Time (Year),,,,,,Pcal / Year,,,,Annual Caloric Demand inc Waste in Petacalorie[PasMeat],,area,PasMeat,blue,,,Annual Caloric Demand inc Waste in Petacalorie[CropMeat],,area,CropMeat,green,,,Annual Caloric Demand inc Waste in Petacalorie[Dairy],,area,Dairy,black,,,Annual Caloric Demand inc Waste in Petacalorie[Eggs],,area,Eggs,purple,,,,,,,,,,,,,,,,,,,,,,,,,,,,,,,,,,,,,,,,,,,,,,,,,,,,,,,,,,,,,,,,,,,,,,,,,,,,,,,
f3,Food,Food,,topright,"""Others""",Scenario1,Annual Caloric Demand (Plant-based Food),,,,stacked-line,,,,,,,1950,2100,Time (Year),,,,,,Pcal / Year,,,,Annual Caloric Demand inc Waste in Petacalorie[Pulses],,area,Pulses,red,,,Annual Caloric Demand inc Waste in Petacalorie[Grains],,area,Grains,gray,,,Annual Caloric Demand inc Waste in Petacalorie[VegFruits],,area,Veg & Fruits,yellow,,,Annual Caloric Demand inc Waste in Petacalorie[OtherCrops],,area,Other Crops,cyan,,,,,,,,,,,,,,,,,,,,,,,,,,,,,,,,,,,,,,,,,,,,,,,,,,,,,,,,,,,,,,,,,,,,,,,,,,,,,,,
f4,Food,Food,,,"""Others""",Scenario1,Global Supply of Animal and Vegetal Calories,,,,line,,,,,,,1950,2100,Time (Year),,,,,,Billion Ton / Year,,,,Total Supply of Vegetal Calorie in Petacalorie,,line,Plant Based Food,green,,,Total Supply of Animal Calories in Petacalorie,,line,Meat Based Food,red,,,Total Supply of Vegetal Calorie in Petacalorie,Ref,line,BAU,gray,,,Total Supply of Animal Calories in Petacalorie,Ref,line,,gray,,,,,,,,,,,,,,,,,,,,,,,,,,,,,,,,,,,,,,,,,,,,,,,,,,,,,,,,,,,,,,,,,,,,,,,,,,,,,,,
f7,Food,Food,,,"""Others""",Scenario1,Food Production by Weight,,,,line,,,,,,,1950,2100,Time (Year),,,,,,Billion Ton / Year,,,,Plant-based Food Production,,line,Plant Based Food,green,,,Meat Based Food Production,,line,Meat Based Food,red,,,Plant-based Food Production,Ref,line,BAU,gray,,,Meat Based Food Production,Ref,line,,gray,,,,,,,,,,,,,,,,,,,,,,,,,,,,,,,,,,,,,,,,,,,,,,,,,,,,,,,,,,,,,,,,,,,,,,,,,,,,,,,
f8,Food,Food,,,"""Others""",Scenario1,Food Demand for Animal Food,,,,stacked-line,,,,,,,1950,2100,Time (Year),,,,,,Ton / Year,,,,Food demand in tonnes[PasMeat],,area,PasMeat,blue,,,Food demand in tonnes[CropMeat],,area,CropMeat,green,,,Food demand in tonnes[Dairy],,area,Dairy,black,,,Food demand in tonnes[Eggs],,area,Eggs,purple,,,,,,,,,,,,,,,,,,,,,,,,,,,,,,,,,,,,,,,,,,,,,,,,,,,,,,,,,,,,,,,,,,,,,,,,,,,,,,,
f9,Food,Food,,,"""Others""",Scenario1,Food Demand for Plant-based Food,,,,stacked-line,,,,,,,1950,2100,Time (Year),,,,,,Ton / Year,,,,Food demand in tonnes[Pulses],,area,Pulses,red,,,Food demand in tonnes[Grains],,area,Grains,gray,,,Food demand in tonnes[VegFruits],,area,Veg & Fruits,yellow,,,Food demand in tonnes[OtherCrops],,area,Other Crops,cyan,,,,,,,,,,,,,,,,,,,,,,,,,,,,,,,,,,,,,,,,,,,,,,,,,,,,,,,,,,,,,,,,,,,,,,,,,,,,,,,
f10,Food,Food,,,"""Others""",Scenario1,Total Food Supply,,,,line,,,,"Total quantity of food produced or made available, including imports and exports, measured in tonnes or calories.",,,1950,2100,Time (Year),,,,,,Ton / Year,,,,Total Food Supply,Ref,line,BAU,gray,,,Total Food Supply,,line,Scenario 1,green,,,Total Food Supply,,line,Scenario 2,red,,,,,,,,,,,,,,,,,,,,,,,,,,,,,,,,,,,,,,,,,,,,,,,,,,,,,,,,,,,,,,,,,,,,,,,,,,,,,,,,,,,,,,
f11,Food,Food,,,"""Others""",Scenario1,Plant-based Food Production,,,,line,,,,,,,1950,2100,Time (Year),,,,,,Billion Ton / Year,,,,Plant-based Food Production,Ref,line,BAU,gray,,,Plant-based Food Production,,line,Scenario 1,green,,,Plant-based Food Production,,line,Scenario 2,red,,,,,,,,,,,,,,,,,,,,,,,,,,,,,,,,,,,,,,,,,,,,,,,,,,,,,,,,,,,,,,,,,,,,,,,,,,,,,,,,,,,,,,
f12,Food,Food,,,"""Others""",Scenario1,Meat Based Food Production,,,,line,,,,,,,1950,2100,Time (Year),,,,,,Billion Ton / Year,,,,Meat Based Food Production,Ref,line,BAU,gray,,,Meat Based Food Production,,line,Scenario 1,green,,,Meat Based Food Production,,line,Scenario 2,red,,,,,,,,,,,,,,,,,,,,,,,,,,,,,,,,,,,,,,,,,,,,,,,,,,,,,,,,,,,,,,,,,,,,,,,,,,,,,,,,,,,,,,
,,,,,,,,,,,,,,,,,,,,,,,,,,,,,,,,,,,,,,,,,,,,,,,,,,,,,,,,,,,,,,,,,,,,,,,,,,,,,,,,,,,,,,,,,,,,,,,,,,,,,,,,,,,,,,,,,,,,,,,,,,,,,,,,,,,,,,
,,,,,,,,,,,,,,,,,,,,,,,,,,,,,,,,,,,,,,,,,,,,,,,,,,,,,,,,,,,,,,,,,,,,,,,,,,,,,,,,,,,,,,,,,,,,,,,,,,,,,,,,,,,,,,,,,,,,,,,,,,,,,,,,,,,,,,
lu0,Land Use,Land Use,,botleft,Main,Scenario1,Land Use Composition,,,,stacked-line,,,,,,,1950,2100,Time (Year),,,0,1,,Dmnl,,,,Percentage of Agriculture Land,,area,Agriculture Land,blue,,,Percentage of Forest Land,,area,Forest Land,green,,,Percentage of Urban and Industrial Land,,area,Urban and Industrial Land,purple,,,Percentage of Other Land,,area,Other Land,black,,,,,,,,,,,,,,,,,,,,,,,,,,,,,,,,,,,,,,,,,,,,,,,,,,,,,,,,,,,,,,,,,,,,,,,,,,,,,,,
lu999,Land Use,Land Use,,botright,Main,Scenario1,Land Use Per Calorie,,,,line,,,,,,,1950,2100,Time (Year),,,0,1,,ha / Mkcal / year,,,,Land Use per Calorie of Food,,line,Scenario1,green,,,Land Use per Calorie of Food,Ref,line,BAU,gray,,,,,,,,,,,,,,,,,,,,,,,,,,,,,,,,,,,,,,,,,,,,,,,,,,,,,,,,,,,,,,,,,,,,,,,,,,,,,,,,,,,,,,,,,,,,,
lu99,Land Use,Land Use,,topleft,Main,Scenario1,Agriculture Land Needed (Land Type),,,,stacked-line,,,,Amount of land required for grazing livestock.,,,1950,2100,Time (Year),,,,,,Billion ha,,,,Total Grassland Needed Per Billion ha,,area,Grassland,green,,,Cropland Needed Per Billion ha,,area,Cropland,beige,,,,,,,,,,,,,,,,,,,,,,,,,,,,,,,,,,,,,,,,,,,,,,,,,,,,,,,,,,,,,,,,,,,,,,,,,,,,,,,,,,,,,,,,,,,,,
lu4,Land Use,Land Use,,botright,Main,Scenario1,Agriculture Land Allocated (Land Use),,,,stacked-line,,,,,,,1950,2100,Time (Year),,,,,,Billion ha,,,,Land Allocated for Animal Calories Per Billion ha,,area,Animal Calories,maroon,,,Land Allocated for Food Crops Per Billion ha,,area,Food Crops,olive,,,Land Allocated for Energy Crops Per Billion ha,,area,Energy Crops,orange,,,,,,,,,,,,,,,,,,,,,,,,,,,,,,,,,,,,,,,,,,,,,,,,,,,,,,,,,,,,,,,,,,,,,,,,,,,,,,,,,,,,,,
,,,,,,,,,,,,,,,,,,,,,,,,,,,,,,,,,,,,,,,,,,,,,,,,,,,,,,,,,,,,,,,,,,,,,,,,,,,,,,,,,,,,,,,,,,,,,,,,,,,,,,,,,,,,,,,,,,,,,,,,,,,,,,,,,,,,,,
lu2,Land Use,Land Use,,topright,REMOVE,Scenario1,Total Cropland Needed ,,,,line,,,,"Amount of land needed to cultivate crops for food, feed, and biofuel production.",,,1950,2100,Time (Year),,,,,,Billion ha,,,,,,,,,,,,,,,,,,,,,,,,,,,,,,,,,,,,,,,,,,,,,,,,,,,,,,,,,,,,,,,,,,,,,,,,,,,,,,,,,,,,,,,,,,,,,,,,,,,,,,,,,,,,
lu1,Land Use,Land Use,,topleft,REMOVE,Scenario1,Total Grassland Needed,,,,line,,,,Amount of land required for grazing livestock.,,,1950,2100,Time (Year),,,,,,Billion ha,,,,Total Grassland Needed Per Billion ha,,line,Scenario 1,green,,,Total Grassland Needed Per Billion ha,Ref,line,BAU,gray,,,,,,,,,,,,,,,,,,,,,,,,,,,,,,,,,,,,,,,,,,,,,,,,,,,,,,,,,,,,,,,,,,,,,,,,,,,,,,,,,,,,,,,,,,,,,
lu3,Land Use,Land Use,,,REMOVE,Scenario1,Agricultural Land,,,,line,,,,"Total land area used for agricultural purposes, including cropland and pastureland.",,,1950,2100,Time (Year),,,,,,Billion ha,,,,Agricultural Land Per Billion ha,,line,Scenario 1,green,,,Agricultural Land Per Billion ha,Ref,line,BAU,gray,,,,,,,,,,,,,,,,,,,,,,,,,,,,,,,,,,,,,,,,,,,,,,,,,,,,,,,,,,,,,,,,,,,,,,,,,,,,,,,,,,,,,,,,,,,,,
,,,,,,,,,,,,,,,,,,,,,,,,,,,,,,,,,,,,,,,,,,,,,,,,,,,,,,,,,,,,,,,,,,,,,,,,,,,,,,,,,,,,,,,,,,,,,,,,,,,,,,,,,,,,,,,,,,,,,,,,,,,,,,,,,,,,,,
lu5,Land Use,Land Use,,,Comparisons,Scenario2,(2) Total Grassland Needed,,,,line,,,,,,,1950,2100,Time (Year),,,,,,Billion ha,,,,Total Grassland Needed Per Billion ha,,line,Scenario 2,red,,,Total Grassland Needed Per Billion ha,Ref,line,BAU,gray,,,,,,,,,,,,,,,,,,,,,,,,,,,,,,,,,,,,,,,,,,,,,,,,,,,,,,,,,,,,,,,,,,,,,,,,,,,,,,,,,,,,,,,,,,,,,
lu6,Land Use,Land Use,,,Comparisons,Scenario2,(2) Total Cropland Needed,,,,line,,,,,,,1950,2100,Time (Year),,,,,,Billion ha,,,,Cropland Needed Per Billion ha,,line,Scenario 2,red,,,Cropland Needed Per Billion ha,Ref,line,BAU,gray,,,,,,,,,,,,,,,,,,,,,,,,,,,,,,,,,,,,,,,,,,,,,,,,,,,,,,,,,,,,,,,,,,,,,,,,,,,,,,,,,,,,,,,,,,,,,
lu7,Land Use,Land Use,,,Comparisons,Scenario2,(2) Agricultural Land,,,,line,,,,,,,1950,2100,Time (Year),,,,,,Billion ha,,,,Agricultural Land Per Billion ha,,line,Scenario 2,red,,,Agricultural Land Per Billion ha,Ref,line,BAU,gray,,,,,,,,,,,,,,,,,,,,,,,,,,,,,,,,,,,,,,,,,,,,,,,,,,,,,,,,,,,,,,,,,,,,,,,,,,,,,,,,,,,,,,,,,,,,,
lu8,Land Use,Land Use,,,Comparisons,Scenario2,(2) Land Allocated for Crops,,,,line,,,,,,,1950,2100,Time (Year),,,,,,Billion ha,,,,Land Allocated for Food Crops Per Billion ha,,line,Food Crops,olive,,,Land Allocated for Animal Calories Per Billion ha,,line,Animal Calories,gold,,,Land Allocated for Energy Crops Per Billion ha,,line,Energy Crops,brown,,,Land Allocated for Food Crops Per Billion ha,,line,BAU,gray,,,Land Allocated for Animal Calories Per Billion ha,Ref,line,,gray,,,Land Allocated for Energy Crops Per Billion ha,Ref,line,,gray,,,,,,,,,,,,,,,,,,,,,,,,,,,,,,,,,,,,,,,,,,,,,,,,,,,,,,,,,,,,,,,,,
,,,,,,,,,,,,,,,,,,,,,,,,,,,,,,,,,,,,,,,,,,,,,,,,,,,,,,,,,,,,,,,,,,,,,,,,,,,,,,,,,,,,,,,,,,,,,,,,,,,,,,,,,,,,,,,,,,,,,,,,,,,,,,,,,,,,,,
cc10,Climate Change,Climate Change,,topleft,main,Scenario1,Total CO2 Emissions,,,,stacked-line,,,,"Sum of all carbon dioxide emissions from all sectors, including agriculture, energy, transportation, and industry.",,,1950,2100,Time (Year),,,,,,Billion Ton CO2 / Year,,,,Total CO2 Emissions from Agriculture Per Billion Ton,,area,Agriculture,green,,,Total CO2 Emissions from Land Use Per Billion Ton,,area,Land Use,brown,,,Total CO2 Emissions from Fossil Energy Per Billion Ton,,area,Fossil Fuels,black,,,Total CO2 Emissions from Renewables Per Billion Ton,,area,Renewables,gold,,,,,,,,,,,,,,,,,,,,,,,,,,,,,,,,,,,,,,,,,,,,,,,,,,,,,,,,,,,,,,,,,,,,,,,,,,,,,,,
cc4,Climate Change,Climate Change,,topright,main,Scenario1,Temperature Change from Preindustrial,,,,line,,,,"Average global temperature increase compared to preindustrial levels, measured in degrees Celsius (ï¿½C).",,,1950,2100,Time (Year),,,,,,Degree C,,,,Temperature Change from Preindustrial,,line,Scenario 1,green,,,Temperature Change from Preindustrial,Ref,line,BAU,gray,,,,,,,,,,,,,,,,,,,,,,,,,,,,,,,,,,,,,,,,,,,,,,,,,,,,,,,,,,,,,,,,,,,,,,,,,,,,,,,,,,,,,,,,,,,,,
cc2,Climate Change,Climate Change,,botleft,main,Scenario1,Total CO2 Emissions from AFOLU,,,,stacked-line,,,,"Total carbon dioxide emissions generated by agricultural activities, such as land use, fertilizer application, livestock, and equipment use.",,,1950,2100,Time (Year),,,,,,Billion Ton CO2 / Year,,,,Total CO2 Emissions from Agriculture Per Billion Ton,,area,Agriculture,green,,,Total CO2 Emissions from Land Use Per Billion Ton,,area,Land Use,brown,,,,,,,,,,,,,,,,,,,,,,,,,,,,,,,,,,,,,,,,,,,,,,,,,,,,,,,,,,,,,,,,,,,,,,,,,,,,,,,,,,,,,,,,,,,,,
cc3,Climate Change,Climate Change,,botright,main,Scenario1,Total CO2 Emissions,,,,line,,,,,,,1950,2100,Time (Year),,,,,,Billion Ton CO2 / Year,,,,Total CO2 Emissions,,line,Scenario 1,green,,,Total CO2 Emissions,Ref,line,BAU,gray,,,,,,,,,,,,,,,,,,,,,,,,,,,,,,,,,,,,,,,,,,,,,,,,,,,,,,,,,,,,,,,,,,,,,,,,,,,,,,,,,,,,,,,,,,,,,
,,,,,,,,,,,,,,,,,,,,,,,,,,,,,,,,,,,,,,,,,,,,,,,,,,,,,,,,,,,,,,,,,,,,,,,,,,,,,,,,,,,,,,,,,,,,,,,,,,,,,,,,,,,,,,,,,,,,,,,,,,,,,,,,,,,,,,
cc1,Climate Change,Climate Change,,topleft,Comparisons,Scenario1,Total CO2 Emissions from Agriculture,,,,line,,,,,,,1950,2100,Time (Year),,,,,,Billion Ton CO2 / Year,,,,Total CO2 Emissions from Agriculture Per Billion Ton,,line,Scenario 1,green,,,Total CO2 Emissions from Agriculture Per Billion Ton,Ref,line,BAU,gray,,,,,,,,,,,,,,,,,,,,,,,,,,,,,,,,,,,,,,,,,,,,,,,,,,,,,,,,,,,,,,,,,,,,,,,,,,,,,,,,,,,,,,,,,,,,,
cc5,Climate Change,Climate Change,,,Comparisons,Scenario2,(2) Total CO2 Emissions from Agriculture,,,,line,,,,,,,1950,2100,Time (Year),,,,,,Billion Ton CO2 / Year,,,,Total CO2 Emissions from Agriculture Per Billion Ton,,line,Scenario 2,red,,,Total CO2 Emissions from Agriculture Per Billion Ton,Ref,line,BAU,gray,,,,,,,,,,,,,,,,,,,,,,,,,,,,,,,,,,,,,,,,,,,,,,,,,,,,,,,,,,,,,,,,,,,,,,,,,,,,,,,,,,,,,,,,,,,,,
cc6,Climate Change,Climate Change,,,Comparisons,Scenario2,(2) Total CO2 Emissions from AFOLU,,,,line,,,,,,,1950,2100,Time (Year),,,,,,Billion Ton CO2 / Year,,,,Total CO2 Emissions from AFOLU,,line,Scenario 2,red,,,Total CO2 Emissions from AFOLU,Ref,line,BAU,gray,,,,,,,,,,,,,,,,,,,,,,,,,,,,,,,,,,,,,,,,,,,,,,,,,,,,,,,,,,,,,,,,,,,,,,,,,,,,,,,,,,,,,,,,,,,,,
cc7,Climate Change,Climate Change,,,Comparisons,Scenario2,(2) Total CO2 Emissions,,,,line,,,,,,,1950,2100,Time (Year),,,,,,Billion Ton CO2 / Year,,,,Total CO2 Emissions,,line,Scenario 2,red,,,Total CO2 Emissions,Ref,line,BAU,gray,,,,,,,,,,,,,,,,,,,,,,,,,,,,,,,,,,,,,,,,,,,,,,,,,,,,,,,,,,,,,,,,,,,,,,,,,,,,,,,,,,,,,,,,,,,,,
cc8,Climate Change,Climate Change,,,Comparisons,Scenario2,(2) Temperature Change from Preindustrial,,,,line,,,,,,,1950,2100,Time (Year),,,,,,Degree C,,,,Temperature Change from Preindustrial,,line,Scenario 2,red,,,Temperature Change from Preindustrial,Ref,line,BAU,gray,,,,,,,,,,,,,,,,,,,,,,,,,,,,,,,,,,,,,,,,,,,,,,,,,,,,,,,,,,,,,,,,,,,,,,,,,,,,,,,,,,,,,,,,,,,,,
,,,,,,,,,,,,,,,,,,,,,,,,,,,,,,,,,,,,,,,,,,,,,,,,,,,,,,,,,,,,,,,,,,,,,,,,,,,,,,,,,,,,,,,,,,,,,,,,,,,,,,,,,,,,,,,,,,,,,,,,,,,,,,,,,,,,,,
fu2,Fertillizer Use,Fertillizer Use,,,Nitrogen,Scenario1,Nitrogen Balance for Food and Agriculture,,,,line,,,,"Difference between nitrogen inputs (fertilizers, manure) and outputs (plant uptake, losses), indicating nutrient surpluses or deficits.",,,1950,2100,Time (Year),,,,,,kg / (Year * ha),,,,Food and Agriculture Nitrogen Balance,,line,Scenario 1,green,,,Food and Agriculture Nitrogen Balance,Ref,line,BAU,gray,,,,,,,,,,,,,,,,,,,,,,,,,,,,,,,,,,,,,,,,,,,,,,,,,,,,,,,,,,,,,,,,,,,,,,,,,,,,,,,,,,,,,,,,,,,,,
fu1,Fertillizer Use,Fertillizer Use,,,Nitrogen,Scenario1,Nitrogen Fertilizer Use in Agriculture,,,,line,,,,Total quantity of nitrogen-based fertilizers applied in agricultural practices.,,,1950,2100,Time (Year),,,,,,Million Ton / Year,,,,Nitrogen Fertilizer Use in Agriculture,,line,Scenario 1,green,,,Nitrogen Fertilizer Use in Agriculture,Ref,line,BAU,gray,,,,,,,,,,,,,,,,,,,,,,,,,,,,,,,,,,,,,,,,,,,,,,,,,,,,,,,,,,,,,,,,,,,,,,,,,,,,,,,,,,,,,,,,,,,,,
fu5,Fertillizer Use,Fertillizer Use,,,Phosphorus,Scenario1,Phosphorus Balance in Food and Agriculture ,,,,line,,,,"Balance of phosphorus inputs and outputs, indicating surpluses or deficits in the soil. Excess phosphorus can lead to water pollution",,,1950,2100,Time (Year),,,,,,kg / (Year * ha),,,,Food and Agriculture Phosphorous Balance,,line,Scenario 1,green,,,Food and Agriculture Phosphorous Balance,Ref,line,BAU,gray,,,,,,,,,,,,,,,,,,,,,,,,,,,,,,,,,,,,,,,,,,,,,,,,,,,,,,,,,,,,,,,,,,,,,,,,,,,,,,,,,,,,,,,,,,,,,
fu4,Fertillizer Use,Fertillizer Use,,,Phosphorus,Scenario1,Phosphorus Fertilizer Use in Agriculture,,,,line,,,,Total Quantity of phosphorus-based fertilizers used in agriculture. ,,,1950,2100,Time (Year),,,,,,Million Ton / Year,,,,Phosphorous Fertilizer Use in Agriculture,,line,Scenario 1,green,,,Phosphorous Fertilizer Use in Agriculture,Ref,line,BAU,gray,,,,,,,,,,,,,,,,,,,,,,,,,,,,,,,,,,,,,,,,,,,,,,,,,,,,,,,,,,,,,,,,,,,,,,,,,,,,,,,,,,,,,,,,,,,,,
,,,,,,,,,,,,,,,,,,,,,,,,,,,,,,,,,,,,,,,,,,,,,,,,,,,,,,,,,,,,,,,,,,,,,,,,,,,,,,,,,,,,,,,,,,,,,,,,,,,,,,,,,,,,,,,,,,,,,,,,,,,,,,,,,,,,,,
fu14,Fertillizer Use,Fertillizer Use,,,Nitrogen,Scenario1,Nitrogen,,,,line,,,,Total quantity of nitrogen accumulated in soil,,,1950,2100,Time (Year),,,,,,Million Ton / Year,,,,Nitrogen,,line,Scenario 1,green,,,Nitrogen,Ref,line,BAU,gray,,,,,,,,,,,,,,,,,,,,,,,,,,,,,,,,,,,,,,,,,,,,,,,,,,,,,,,,,,,,,,,,,,,,,,,,,,,,,,,,,,,,,,,,,,,,,
fu13,Fertillizer Use,Fertillizer Use,,,Phosphorus,Scenario1,Phosphorus,,,,line,,,,Total quantity of phosphorus accumulated in soil,,,1950,2100,Time (Year),,,,,,Million Ton / Year,,,,Phosphorus,,line,Scenario 1,green,,,Phosphorus,Ref,line,BAU,gray,,,,,,,,,,,,,,,,,,,,,,,,,,,,,,,,,,,,,,,,,,,,,,,,,,,,,,,,,,,,,,,,,,,,,,,,,,,,,,,,,,,,,,,,,,,,,
fu3,Fertillizer Use,Fertillizer Use,,,Other,Scenario1,Nitrogen Application with Manure,,,,line,,,,,,,1950,2100,Time (Year),,,,,,Million Ton / Year,,,,Nitrogen application with manure Per Million Ton,,line,Scenario 1,green,,,Nitrogen application with manure Per Million Ton,Ref,line,BAU,gray,,,,,,,,,,,,,,,,,,,,,,,,,,,,,,,,,,,,,,,,,,,,,,,,,,,,,,,,,,,,,,,,,,,,,,,,,,,,,,,,,,,,,,,,,,,,,
fu6,Fertillizer Use,Fertillizer Use,,,Other,Scenario1,Phosphorus Application with Manure,,,,line,,,,,,,1950,2100,Time (Year),,,,,,Million Ton / Year,,,,Phosophorus application with manure Per Million Ton,,line,Scenario 1,green,,,Phosophorus application with manure Per Million Ton,Ref,line,BAU,gray,,,,,,,,,,,,,,,,,,,,,,,,,,,,,,,,,,,,,,,,,,,,,,,,,,,,,,,,,,,,,,,,,,,,,,,,,,,,,,,,,,,,,,,,,,,,,
,,,,,,,,,,,,,,,,,,,,,,,,,,,,,,,,,,,,,,,,,,,,,,,,,,,,,,,,,,,,,,,,,,,,,,,,,,,,,,,,,,,,,,,,,,,,,,,,,,,,,,,,,,,,,,,,,,,,,,,,,,,,,,,,,,,,,,
,,,,,,,,,,,,,,,,,,,,,,,,,,,,,,,,,,,,,,,,,,,,,,,,,,,,,,,,,,,,,,,,,,,,,,,,,,,,,,,,,,,,,,,,,,,,,,,,,,,,,,,,,,,,,,,,,,,,,,,,,,,,,,,,,,,,,,
fu7,Fertillizer Use,Fertillizer Use,,,Scenario 2,Scenario2,(2) Nitrogen Fertilizer Use in Agriculture,,,,line,,,,,,,1950,2100,Time (Year),,,,,,Million Ton / Year,,,,Nitrogen Fertilizer Use in Agriculture,,line,Scenario 2,red,,,Nitrogen Fertilizer Use in Agriculture,Ref,line,BAU,gray,,,,,,,,,,,,,,,,,,,,,,,,,,,,,,,,,,,,,,,,,,,,,,,,,,,,,,,,,,,,,,,,,,,,,,,,,,,,,,,,,,,,,,,,,,,,,
fu8,Fertillizer Use,Fertillizer Use,,,Scenario 2,Scenario2,(2) Nitrogen Application with Manure,,,,line,,,,,,,1950,2100,Time (Year),,,,,,Million Ton / Year,,,,Nitrogen application with manure Per Million Ton,,line,Scenario 2,red,,,Nitrogen application with manure Per Million Ton,Ref,line,BAU,gray,,,,,,,,,,,,,,,,,,,,,,,,,,,,,,,,,,,,,,,,,,,,,,,,,,,,,,,,,,,,,,,,,,,,,,,,,,,,,,,,,,,,,,,,,,,,,
fu9,Fertillizer Use,Fertillizer Use,,,Scenario 2,Scenario2,(2) Nitrogen Balance for Food and Agriculture,,,,line,,,,,,,1950,2100,Time (Year),,,,,,kg / (Year * ha),,,,Food and Agriculture Nitrogen Balance,,line,Scenario 2,red,,,Food and Agriculture Nitrogen Balance,Ref,line,BAU,gray,,,,,,,,,,,,,,,,,,,,,,,,,,,,,,,,,,,,,,,,,,,,,,,,,,,,,,,,,,,,,,,,,,,,,,,,,,,,,,,,,,,,,,,,,,,,,
fu10,Fertillizer Use,Fertillizer Use,,,Scenario 2,Scenario2,(2) Phosphorous Fertilizer Use in Agriculture,,,,line,,,,,,,1950,2100,Time (Year),,,,,,Million Ton / Year,,,,Phosphorous Fertilizer Use in Agriculture,,line,Scenario 2,red,,,Phosphorous Fertilizer Use in Agriculture,Ref,line,BAU,gray,,,,,,,,,,,,,,,,,,,,,,,,,,,,,,,,,,,,,,,,,,,,,,,,,,,,,,,,,,,,,,,,,,,,,,,,,,,,,,,,,,,,,,,,,,,,,
fu11,Fertillizer Use,Fertillizer Use,,,Scenario 2,Scenario2,(2) Phosphorous Balance in Food and Agriculture ,,,,line,,,,,,,1950,2100,Time (Year),,,,,,kg / (Year * ha),,,,Food and Agriculture Phosphorous Balance,,line,Scenario 2,red,,,Food and Agriculture Phosphorous Balance,Ref,line,BAU,gray,,,,,,,,,,,,,,,,,,,,,,,,,,,,,,,,,,,,,,,,,,,,,,,,,,,,,,,,,,,,,,,,,,,,,,,,,,,,,,,,,,,,,,,,,,,,,
fu12,Fertillizer Use,Fertillizer Use,,,Scenario 2,Scenario2,(2) Phosphorus Application with Manure,,,,line,,,,,,,1950,2100,Time (Year),,,,,,Million Ton / Year,,,,Phosophorus application with manure Per Million Ton,,line,Scenario 2,red,,,Phosophorus application with manure Per Million Ton,Ref,line,BAU,gray,,,,,,,,,,,,,,,,,,,,,,,,,,,,,,,,,,,,,,,,,,,,,,,,,,,,,,,,,,,,,,,,,,,,,,,,,,,,,,,,,,,,,,,,,,,,,
,,,,,,,,,,,,,,,,,,,,,,,,,,,,,,,,,,,,,,,,,,,,,,,,,,,,,,,,,,,,,,,,,,,,,,,,,,,,,,,,,,,,,,,,,,,,,,,,,,,,,,,,,,,,,,,,,,,,,,,,,,,,,,,,,,,,,,
bio10,Biodiversity,Biodiversity,,topleft,main,Scenario1,Intactness of Biodiversity,,,,line,,,,"Measured in the Mean Species Abundance index, indicates the average population of species in a given area relative to undisturbed ecosystems.",,,1950,2100,Time (Year),,,,,,Mean Species Abundance,,,,Species Regeneration Rate,,line,Regeneration Rate,green,,,Species Extinction Rate,Ref,line,Extinction Rate,red,,,,,,,,,,,,,,,,,,,,,,,,,,,,,,,,,,,,,,,,,,,,,,,,,,,,,,,,,,,,,,,,,,,,,,,,,,,,,,,,,,,,,,,,,,,,,
bio9,Biodiversity,Biodiversity,,botright,main,Scenario1,Rate of Agriculture Land Degradation,,,,stacked-line,,,,,,,1950,2100,Time (Year),,,,,,Ha / Year,,,,Agricultral Land Erosion,,area,Land Erosion,blue,,,Agricultural Land Conversion,,area,Land Conversion,brown,,,,,,,,,,,,,,,,,,,,,,,,,,,,,,,,,,,,,,,,,,,,,,,,,,,,,,,,,,,,,,,,,,,,,,,,,,,,,,,,,,,,,,,,,,,,,
bio2,Biodiversity,Biodiversity,,topright,main,Scenario1,Lost Value of Ecosystems,,,,line,,,,,,,1950,2100,Time (Year),,,-600,600,,Billion $,,,,Total Change in Forest Ecosystem Value Per Billion Dollars,,line,Forest Land,green,,,Total Change in Cropland Ecosystem Value Per Billion Dollars,,line,Crop Land,brown,,,Total Change in Other Land Ecosystem Value Per Billion Dollars,,line,Other Land,black,,,,,,,,,,,,,,,,,,,,,,,,,,,,,,,,,,,,,,,,,,,,,,,,,,,,,,,,,,,,,,,,,,,,,,,,,,,,,,,,,,,,,,
bio3,Biodiversity,Biodiversity,,botleft,main,Scenario1,Deforestation as Percentage of Initial Forest Land,,,,line,,,,Deforestation as Percentage of Initial Forest Land.,,,1950,2100,Time (Year),,,,,,Dmnl,,,,Deforestation as Percentage of Initial Forest Land,,line,Scenario 1,green,,,Deforestation as Percentage of Initial Forest Land,Ref,line,BAU,gray,,,,,,,,,,,,,,,,,,,,,,,,,,,,,,,,,,,,,,,,,,,,,,,,,,,,,,,,,,,,,,,,,,,,,,,,,,,,,,,,,,,,,,,,,,,,,
,,,,,,,,,,,,,,,,,,,,,,,,,,,,,,,,,,,,,,,,,,,,,,,,,,,,,,,,,,,,,,,,,,,,,,,,,,,,,,,,,,,,,,,,,,,,,,,,,,,,,,,,,,,,,,,,,,,,,,,,,,,,,,,,,,,,,,
bio1,Biodiversity,Biodiversity,,topleft,main,Scenario1,Intactness of Biodiversity,,,,line,,,,"Measured in the Mean Species Abundance index, indicates the average population of species in a given area relative to undisturbed ecosystems.",,,1950,2100,Time (Year),,,,,,Mean Species Abundance,,,,Mean Species Abundance,,line,Scenario 1,green,,,Mean Species Abundance,Ref,line,BAU,gray,,,,,,,,,,,,,,,,,,,,,,,,,,,,,,,,,,,,,,,,,,,,,,,,,,,,,,,,,,,,,,,,,,,,,,,,,,,,,,,,,,,,,,,,,,,,,
bio4,Biodiversity,Biodiversity,,botright,Scenario 1,Scenario1,Agricultural Land Degradation,,,,line,,,,,,,1950,2100,Time (Year),,,,,,Ha,,,,Agricultural Land Degradation,,line,Scenario 1,green,,,Agricultural Land Degradation,,line,BAU,gray,,,,,,,,,,,,,,,,,,,,,,,,,,,,,,,,,,,,,,,,,,,,,,,,,,,,,,,,,,,,,,,,,,,,,,,,,,,,,,,,,,,,,,,,,,,,,
bio5,Biodiversity,Biodiversity,,,Scenario 2,Scenario2,(2) Intactness of Biodiversity,,,,line,,,,"Measure of biodiversity, indicating the average population of species in a given area relative to undisturbed ecosystems.",,,1950,2100,Time (Year),,,,,,Mean Species Abundance,,,,Mean Species Abundance,,line,Scenario 2,red,,,Mean Species Abundance,Ref,line,BAU,gray,,,,,,,,,,,,,,,,,,,,,,,,,,,,,,,,,,,,,,,,,,,,,,,,,,,,,,,,,,,,,,,,,,,,,,,,,,,,,,,,,,,,,,,,,,,,,
bio6,Biodiversity,Biodiversity,,,Scenario 2,Scenario2,(2) Lost Value of Ecosystems,,,,line,,,,,,,1950,2100,Time (Year),,,,,,Billion $,,,,Total Lost Value of Ecosystems Per Billion Dollars,,line,Scenario 2,red,,,Total Lost Value of Ecosystems Per Billion Dollars,Ref,line,BAU,gray,,,,,,,,,,,,,,,,,,,,,,,,,,,,,,,,,,,,,,,,,,,,,,,,,,,,,,,,,,,,,,,,,,,,,,,,,,,,,,,,,,,,,,,,,,,,,
bio7,Biodiversity,Biodiversity,,,Scenario 2,Scenario2,(2) Forest to Total Land Area,,,,line,,,,,,,1950,2100,Time (Year),,,,,,,,,,,,line,Scenario 2,red,,,,,,,,,,,,,,,,,,,,,,,,,,,,,,,,,,,,,,,,,,,,,,,,,,,,,,,,,,,,,,,,,,,,,,,,,,,,,,,,,,,,,,,,,,,,,,,,,,,,
bio8,Biodiversity,Biodiversity,,,Scenario 2,Scenario2,(2) Water Quality?,,,,line,,,,,,,1950,2100,Time (Year),,,,,,,,,,,,line,Scenario 2,red,,,,,,,,,,,,,,,,,,,,,,,,,,,,,,,,,,,,,,,,,,,,,,,,,,,,,,,,,,,,,,,,,,,,,,,,,,,,,,,,,,,,,,,,,,,,,,,,,,,,
,,,,,,,,,,,,,,,,,,,,,,,,,,,,,,,,,,,,,,,,,,,,,,,,,,,,,,,,,,,,,,,,,,,,,,,,,,,,,,,,,,,,,,,,,,,,,,,,,,,,,,,,,,,,,,,,,,,,,,,,,,,,,,,,,,,,,,
water1,Water,Water,,topleft,Scenario 1,Scenario1,Agricultural Water Demand,,,,line,,,,"Total water required for irrigation, livestock, and other agricultural activities, measured in cubic meters.",,,1950,2100,Time (Year),,,,,,Billion m3 /Year,,,,Agricultural Water Demand Per Billion Cubic Metres,,line,Scenario 1,green,,,Agricultural Water Demand Per Billion Cubic Metres,Ref,line,BAU,gray,,,,,,,,,,,,,,,,,,,,,,,,,,,,,,,,,,,,,,,,,,,,,,,,,,,,,,,,,,,,,,,,,,,,,,,,,,,,,,,,,,,,,,,,,,,,,
water2,Water,Water,,topright,Scenario 1,Scenario1,Agricultural Water Withdrawal Rate,,,,line,,,,"Proportion of available freshwater resources used for agriculture, often expressed as a percentage.",,,1950,2100,Time (Year),,,,,,Billion m3 /Year,,,,Agricultural Water Withdrawal Rate Per Billion Cubic Metres,,line,Scenario 1,green,,,Agricultural Water Withdrawal Rate Per Billion Cubic Metres,Ref,line,BAU,gray,,,,,,,,,,,,,,,,,,,,,,,,,,,,,,,,,,,,,,,,,,,,,,,,,,,,,,,,,,,,,,,,,,,,,,,,,,,,,,,,,,,,,,,,,,,,,
water3,Water,Water,,botleft,Scenario 1,Scenario1,Available Water Resources,,,,line,,,,"Total renewable freshwater resources accessible for use, measured in cubic meters, often on a per-capita or regional basis.",,,1950,2100,Time (Year),,,,,,Billion m3,,,,Available Water Resources Per Billion Cubic Metres,,line,Scenario 1,green,,,Available Water Resources Per Billion Cubic Metres,Ref,line,BAU,gray,,,,,,,,,,,,,,,,,,,,,,,,,,,,,,,,,,,,,,,,,,,,,,,,,,,,,,,,,,,,,,,,,,,,,,,,,,,,,,,,,,,,,,,,,,,,,
water4,Water,Water,,botright,Scenario 1,Scenario1,Used Water Resources, ,,,line,,,,,,,1950,2100,Time (Year),,,,,,Billion m3,.0f,,,Used Water Resources Per Billion Cubic Metres,,line,Scenario 1,green,,,Used Water Resources Per Billion Cubic Metres,Ref,line,BAU,gray,,,,,,,,,,,,,,,,,,,,,,,,,,,,,,,,,,,,,,,,,,,,,,,,,,,,,,,,,,,,,,,,,,,,,,,,,,,,,,,,,,,,,,,,,,,,,
,,,,,,,,,,,,,,,,,,,,,,,,,,,,,,,,,,,,,,,,,,,,,,,,,,,,,,,,,,,,,,,,,,,,,,,,,,,,,,,,,,,,,,,,,,,,,,,,,,,,,,,,,,,,,,,,,,,,,,,,,,,,,,,,,,,,,,
water5,Water,Water,,,Scenario 2,Scenario2,(2) Agricultural Water Demand,,,,line,,,,"Total water required for irrigation, livestock, and other agricultural activities, measured in cubic meters.",,,1950,2100,Time (Year),,,,,,Billion m3 /Year,,,,Agricultural Water Demand Per Billion Cubic Metres,,line,Scenario 2,red,,,Agricultural Water Demand Per Billion Cubic Metres,Ref,line,BAU,gray,,,,,,,,,,,,,,,,,,,,,,,,,,,,,,,,,,,,,,,,,,,,,,,,,,,,,,,,,,,,,,,,,,,,,,,,,,,,,,,,,,,,,,,,,,,,,
water6,Water,Water,,,Scenario 2,Scenario2,(2) Agricultural Water Withdrawal Rate,,,,line,,,,"Proportion of available freshwater resources used for agriculture, often expressed as a percentage.",,,1950,2100,Time (Year),,,,,,Billion m3 /Year,,,,Agricultural Water Withdrawal Rate Per Billion Cubic Metres,,line,Scenario 2,red,,,Agricultural Water Withdrawal Rate Per Billion Cubic Metres,Ref,line,BAU,gray,,,,,,,,,,,,,,,,,,,,,,,,,,,,,,,,,,,,,,,,,,,,,,,,,,,,,,,,,,,,,,,,,,,,,,,,,,,,,,,,,,,,,,,,,,,,,
water7,Water,Water,,,Scenario 2,Scenario2,(2) Available Water Resources,,,,line,,,,"Total renewable freshwater resources accessible for use, measured in cubic meters, often on a per-capita or regional basis.",,,1950,2100,Time (Year),,,,,,Billion m3,,,,Available Water Resources Per Billion Cubic Metres,,line,Scenario 2,red,,,Available Water Resources Per Billion Cubic Metres,Ref,line,BAU,gray,,,,,,,,,,,,,,,,,,,,,,,,,,,,,,,,,,,,,,,,,,,,,,,,,,,,,,,,,,,,,,,,,,,,,,,,,,,,,,,,,,,,,,,,,,,,,
water8,Water,Water,,,Scenario 2,Scenario2,(2) Used Water Resources, ,,,line,,,,,,,1950,2100,Time (Year),,,,,,Billion m3,.0f,,,Used Water Resources Per Billion Cubic Metres,,line,Scenario 2,red,,,Used Water Resources Per Billion Cubic Metres,Ref,line,BAU,gray,,,,,,,,,,,,,,,,,,,,,,,,,,,,,,,,,,,,,,,,,,,,,,,,,,,,,,,,,,,,,,,,,,,,,,,,,,,,,,,,,,,,,,,,,,,,,
,,,,,,,,,,,,,,,,,,,,,,,,,,,,,,,,,,,,,,,,,,,,,,,,,,,,,,,,,,,,,,,,,,,,,,,,,,,,,,,,,,,,,,,,,,,,,,,,,,,,,,,,,,,,,,,,,,,,,,,,,,,,,,,,,,,,,,
sum1,Summary,Summary,,topleft,Scenario 1,Scenario1,Lost Value of Ecosystems,,,,line,,,,,,,1950,2100,Time (Year),,,,,,Billion $,,,,Total Lost Value of Ecosystems Per Billion Dollars,,line,Scenario 1,green,,,Total Lost Value of Ecosystems Per Billion Dollars,Ref,line,BAU,gray,,,,,,,,,,,,,,,,,,,,,,,,,,,,,,,,,,,,,,,,,,,,,,,,,,,,,,,,,,,,,,,,,,,,,,,,,,,,,,,,,,,,,,,,,,,,,
sum2,Summary,Summary,,topright,Scenario 1,Scenario1,Lost Value of Ecosystems,,,,line,,,,,,,1950,2100,Time (Year),,,,,,Billion $,,,,Total Lost Value of Ecosystems Per Billion Dollars,,line,Scenario 1,green,,,Total Lost Value of Ecosystems Per Billion Dollars,Ref,line,BAU,gray,,,,,,,,,,,,,,,,,,,,,,,,,,,,,,,,,,,,,,,,,,,,,,,,,,,,,,,,,,,,,,,,,,,,,,,,,,,,,,,,,,,,,,,,,,,,,
sum3,Summary,Summary,,botleft,Scenario 1,Scenario1,Lost Value of Ecosystems,,,,line,,,,,,,1950,2100,Time (Year),,,,,,Billion $,,,,Total Lost Value of Ecosystems Per Billion Dollars,,line,Scenario 1,green,,,Total Lost Value of Ecosystems Per Billion Dollars,Ref,line,BAU,gray,,,,,,,,,,,,,,,,,,,,,,,,,,,,,,,,,,,,,,,,,,,,,,,,,,,,,,,,,,,,,,,,,,,,,,,,,,,,,,,,,,,,,,,,,,,,,
sum4,Summary,Summary,,botright,Scenario 1,Scenario1,Lost Value of Ecosystems,,,,line,,,,,,,1950,2100,Time (Year),,,,,,Billion $,,,,Total Lost Value of Ecosystems Per Billion Dollars,,line,Scenario 1,green,,,Total Lost Value of Ecosystems Per Billion Dollars,Ref,line,BAU,gray,,,,,,,,,,,,,,,,,,,,,,,,,,,,,,,,,,,,,,,,,,,,,,,,,,,,,,,,,,,,,,,,,,,,,,,,,,,,,,,,,,,,,,,,,,,,,
